source	vessel	group	HR_bpm	point	t_ms	amp
Ford2005	ICA	young	68	M0	-61	0.68
Ford2005	ICA	young	68	H0	0	1.18
Ford2005	ICA	young	68	P1	45	1.66
Ford2005	ICA	young	68	H1	84	1.42
Ford2005	ICA	young	68	M1	141	1.20
Ford2005	ICA	young	68	P2	187	1.22
Ford2005	ICA	young	68	H2	241	1.08
Ford2005	ICA	young	68	M2	280	0.94
Ford2005	ICA	young	68	H3	312	1.02
Ford2005	ICA	young	68	P3	350	1.09
Ford2005	ICA	young	68	D1	468	0.94
Ford2005	ICA	young	68	D2	586	0.83
Ford2005	ICA	young	68	D3	704	0.76
Ford2005	ICA	young	68	D4	822	0.68
Ford2005	VA	young	68	M0	-62	0.63
Ford2005	VA	young	68	H0	0	1.21
Ford2005	VA	young	68	P1	39	1.78
Ford2005	VA	young	68	H1	74	1.50
Ford2005	VA	young	68	M1	120	1.24
Ford2005	VA	young	68	P2	164	1.33
Ford2005	VA	young	68	H2	238	1.11
Ford2005	VA	young	68	M2	280	0.89
Ford2005	VA	young	68	H3	308	1.00
Ford2005	VA	young	68	P3	339	1.11
Ford2005	VA	young	68	D1	459	0.94
Ford2005	VA	young	68	D2	580	0.81
Ford2005	VA	young	68	D3	700	0.73
Ford2005	VA	young	68	D4	821	0.63
Hoi2010	CCA	older	65	M0	-57	0.45
Hoi2010	CCA	older	65	H0	0	1.30
Hoi2010	CCA	older	65	P1	50	2.16
Hoi2010	CCA	older	65	H1	78	1.93
Hoi2010	CCA	older	65	M1	114	1.69
Hoi2010	CCA	older	65	P2	151	1.75
Hoi2010	CCA	older	65	H2	263	1.28
Hoi2010	CCA	older	65	M2	324	0.81
Hoi2010	CCA	older	65	H3	349	0.91
Hoi2010	CCA	older	65	P3	379	1.02
Hoi2010	CCA	older	65	D1	508	0.74
Hoi2010	CCA	older	65	D2	637	0.62
Hoi2010	CCA	older	65	D3	765	0.57
Hoi2010	CCA	older	65	D4	894	0.45
Hoi2010	ICA	older	65	M0	-61	0.55
Hoi2010	ICA	older	65	H0	0	1.11
Hoi2010	ICA	older	65	P1	55	1.67
Hoi2010	ICA	older	65	H1	78	1.59
Hoi2010	ICA	older	65	M1	104	1.51
Hoi2010	ICA	older	65	P2	158	1.60
Hoi2010	ICA	older	65	H2	259	1.28
Hoi2010	ICA	older	65	M2	327	0.96
Hoi2010	ICA	older	65	H3	350	1.01
Hoi2010	ICA	older	65	P3	376	1.06
Hoi2010	ICA	older	65	D1	504	0.84
Hoi2010	ICA	older	65	D2	632	0.73
Hoi2010	ICA	older	65	D3	761	0.66
Hoi2010	ICA	older	65	D4	889	0.55
Hoi2010	ECA	older	65	M0	-56	0.29
Hoi2010	ECA	older	65	H0	0	1.60
Hoi2010	ECA	older	65	P1	47	2.90
Hoi2010	ECA	older	65	H1	80	2.38
Hoi2010	ECA	older	65	M1	124	1.87
Hoi2010	ECA	older	65	P2	157	1.96
Hoi2010	ECA	older	65	H2	263	1.25
Hoi2010	ECA	older	65	M2	320	0.55
Hoi2010	ECA	older	65	H3	346	0.77
Hoi2010	ECA	older	65	P3	381	0.99
Hoi2010	ECA	older	65	D1	509	0.60
Hoi2010	ECA	older	65	D2	637	0.49
Hoi2010	ECA	older	65	D3	765	0.47
Hoi2010	ECA	older	65	D4	893	0.29
