waveform	A0	A1	A2_8	OSI	max	min	NFkB_obs
ICS control	0.22	0.46	2.54	0.43	3.26	-2.67	3.78
ICS mutate 1-2	0.22	2.96	5.85	0.48	12.94	-11.55	1.79
ICS mutate 3-5	0.22	0.46	7.11	0.47	11.39	-9.27	3.05
ICS mutate 6-8	0.22	0.46	2.98	0.31	4.49	-4.81	3.54
ICS delete 1-2	0.22	0.00	10.81	0.38	2.47	-2.61	3.64
ICS mutate 1 (0.99)	0.22	0.99	2.54	0.44	4.51	-3.89	2.67
ICS mutate 1 (1.97)	0.22	1.97	2.54	0.46	6.20	-4.61	1.87
ICS mutate 1 (2.96)	0.22	2.96	2.54	0.32	7.92	-5.64	1.59
ICS mutate 2	0.22	0.46	5.85	0.48	9.12	-9.08	3.58
ICS mutate 1-8	0.22	2.96	10.81	0.48	26.68	-10.00	2.36
ICS mutate 0 (4.87)	4.87	0.46	2.54	0.00	8.12	2.19	2.64
ICS mutate 0 (9.71)	9.71	0.46	2.54	0.00	12.97	7.04	1.72
ICS mutate 0 (14.57)	14.57	0.46	2.54	0.00	17.83	11.90	1.36
CCA control	14.57	2.96	10.81	0.00	41.38	6.25	1.59
CCA mutate 1-2	14.57	0.46	7.50	0.00	29.59	3.31	1.27
CCA mutate 3-5	14.57	2.96	6.24	0.00	30.60	0.535	1.86
CCA mutate 6-8	14.57	2.96	10.42	0.00	37.48	6.60	1.66
CCA delete 1-2	14.57	0.00	6.74	0.00	27.46	2.84	1.56
CCA mutate 1-8	14.57	0.46	2.54	0.00	17.83	11.90	1.36
CCA mutate 0	0.22	2.96	10.81	0.48	26.68	-10.00	2.36
