i	artery	species	M	r	Q	tau	method	study
1.0	abdominal aorta	Homo sapiens	68.0	0.65	14.275	2.647318270528094	MRI	Greve et al 2006
2.0	abdominal aorta	Mus musculus	0.023	0.0349999999999999	0.0466666666666666	55.43355841023839	MRI	Greve et al 2006
3.0	abdominal aorta	Rattus norvegicus	0.31	0.0849999999999999	0.5950000000000001	49.343539449944046	MRI	Greve et al 2006
4.0	abdominal aorta	Canis familiaris	24.0	0.495	20.23333333333333	8.496145661263798	Doppler ultrasound	Riesen et al 2002
5.0	abdominal aorta	Homo sapiens	58.0	0.89	15.0	1.0836557732908787	PC-MRI	Cheng et al 2003
6.0	abdominal aorta	Macaca fascicularis	5.8	0.315	8.333333333333334	13.578669020732509	electromagnetic flow cuff	Zarins et al 1987
7.0	femoral	Canis familiaris	32.0	0.1692857142857143	1.65	17.32180412065042	electromagnetic probe	Pohl et al 1986
8.0	femoral	Homo sapiens	58.0	0.39	4.533333333333333	3.89218919365874	high resolution echo Doppler	Gaenzer et al 2001
9.0	femoral	Equus caballus	551.0	0.6725	20.366666666666667	3.410461878726961	Doppler ultrasound	Raisis et al 2000a
10.0	femoral	Rattus norvegicus	0.34	0.02685	0.0166666666666666	43.85165508124409	ultrasound 	Kenwright et al 2015
11.0	femoral	Oryctolagus cuniculus	2.9	0.0771428571428571	0.3666666666666666	40.677511916254026	cuff-type pulsed Doppler ultrasound	Naiki et al 2012
12.0	femoral	Oryctolagus cuniculus	4.5	0.0944	1.7189459949229275	104.06779661016948	Doppler ultrasound	Zderic et al 2006
13.0	femoral	Equus caballus	510.0	0.6375	8.75	1.7200362335492474	Doppler ultrasound	Raisis et al 2000b
14.0	brachial	Homo sapiens	58.0	0.185	0.8279117659821522	6.659459459459461	ultrasound	Dammers et al 2003
15.0	brachial	Homo sapiens	58.0	0.185	0.8064075642683302	6.486486486486488	high resolution Doppler ultrasound	Mitchell et al 2004
16.0	brachial	Homo sapiens	58.0	0.245	1.640594661576028	5.681632653061224	high resolution Doppler ultrasound	Mitchell et al 2004
17.0	brachial	Homo sapiens	58.0	0.2125	1.9833333333333332	10.526621749321391	high resolution echo Doppler ultrasound	Gaenzer et al 2001
18.0	brachial	Rattus norvegicus	0.34	0.0249	0.0171166666666666	56.46655102933035	ultrasound	Machin et al 2016
19.0	internal carotid	Homo sapiens	58.0	0.1775	4.6	41.89217117887205	MRI CT 	Fahrig et al 1999
20.0	internal carotid	Homo sapiens	58.0	0.176	3.25	30.36095775313791	PC-MRI	Chnafa et al 2017
21.0	internal carotid	Homo sapiens	58.0	0.205	3.4	20.099601350413625	3D PCMRI 	Bouillot et al 2018
22.0	internal carotid	Homo sapiens	58.0	0.2625	4.265	12.008844526713228	MRI	Zhao et al 2015
23.0	internal carotid	Homo sapiens	58.0	0.2425	4.2	14.999755208045457	color duplex Doppler sonography	Scheel et al 2000
24.0	internal carotid	Homo sapiens	58.0	0.24	4.916666666666667	18.113699155906303	high res ultrasound	Sato and Sadamoto 2010
25.0	internal carotid	Homo sapiens	58.0	0.2646283714200613	5.325	14.6345883169868	PC-MRI	Enzmann et al 1994
26.0	anterior cerebral	Homo sapiens	58.0	0.102	1.1	52.79129065022799	MRI CT 	Fahrig et al 1999
27.0	anterior cerebral	Homo sapiens	58.0	0.1045	1.09	48.64606732911311	PC-MRI	Chnafa et al 2017
28.0	anterior cerebral	Homo sapiens	58.0	0.095	1.1	65.34193318949953	3D PCMRI 	Bouillot et al 2018
29.0	anterior cerebral	Homo sapiens	58.0	0.135	1.1925	24.684662412789617	MRI	Zhao et al 2015
30.0	anterior cerebral	Homo sapiens	58.0	0.1738949084575512	1.3583333333333334	13.155757799568123	PC-MRI	Enzmann et al 1994
31.0	basilar	Homo sapiens	58.0	0.175	2.285	21.71411673726767	MRI	Zhao et al 2015
32.0	basilar	Homo sapiens	58.0	0.2111004122822376	2.683333333333333	14.527052001047656	PC-MRI	Enzmann et al 1994
33.0	common carotid	Homo sapiens	58.0	0.335	10.40067444869888	14.08955223880597	ultrasound	Dammers et al 2003
34.0	common carotid	Oryctolagus cuniculus	2.8	0.1125	0.7100000000000001	25.39632588763382	ext doppler 	Langille et al 1989
35.0	common carotid	Mus musculus	0.027	0.02855	0.0058333333333333	12.766403482035887	ultrasonic probe 	Schiffers et al 2000
36.0	common carotid	Mus musculus	0.02	0.01895	0.0125	93.55187152102889	ultrasonic cuff	Rudic et al 2000
37.0	common carotid	Oryctolagus cuniculus	3.5	0.102	0.2925	14.037684104719718	electromagnetic probe	Masuda et al 1999
38.0	common carotid	Oryctolagus cuniculus	2.8	0.08	0.7	69.6302876027042	 pulsed Doppler	Marano et al 1999
39.0	common carotid	Oryctolagus cuniculus	2.2	0.092	0.37	24.19960916577681	ultrasonic cuff 	Tronc et al 1996
40.0	common carotid	Canis familiaris	18.0	0.1745	2.0416666666666665	19.569000953046864	electromagnetic flow  	Kamiya and Togawa 1980
41.0	common carotid	Rattus norvegicus	0.1	0.034	0.0438333333333333	56.79862953140438	 ultrasound cuff 	Ibrahim et al 2003
42.0	common carotid	Homo sapiens	58.0	0.308	8.457922411010234	14.742857142857142	ultrasound	Samijo et al 1998
43.0	common carotid	Homo sapiens	58.0	0.3145	8.918115013747746	14.60095389507154	ultrasound	Samijo et al 1998
44.0	common carotid	Homo sapiens	58.0	0.361	7.42	8.032530985600978	MRI	Oyre et al 1998
45.0	common carotid	Rattus norvegicus	0.29	0.0605	0.1506666666666666	34.6514303394001	Transonics cuff 	Hayashi et al 2018
46.0	common carotid	Oryctolagus cuniculus	3.2	0.118	0.334	10.353103480432384	electromagnetic flow cuff	Di Stefano 1998
47.0	common carotid	Homo sapiens	58.0	0.3475	6.465833333333334	7.847479484449185	MRI	Zhao et al 2015
48.0	common carotid	Homo sapiens	58.0	0.3075	6.85	11.998454836630351	color duplex Doppler sonography	Scheel et al 2000
49.0	common carotid	Equus caballus	498.0	0.472	34.6	16.757923859607057	Doppler ultrasound	Schmucker et al 2000
50.0	common carotid	Equus caballus	498.0	0.511	33.8	12.901021821847875	Doppler ultrasound	Schmucker et al 2000
51.0	common carotid	Equus caballus	498.0	0.51	47.8	18.352172313315627	Doppler ultrasound	Schmucker et al 2000
52.0	common carotid	Equus caballus	500.0	0.591	47.48	11.714354906827287	Doppler ultrasound	Cipone et al 1997
53.0	common carotid	Rattus norvegicus	0.33	0.06	0.0858	20.23036165523648	PCMRI	Peng et al 2016
54.0	common carotid	Rattus norvegicus	0.34	0.0635	0.101	20.08955458322026	PCMRI	Peng et al 2017
55.0	common carotid	Oryctolagus cuniculus	3.5	0.11	0.3233333333333333	12.372074714681766	electromagnetic flowmeter	Zhuang et al 1998
56.0	common carotid	Oryctolagus cuniculus	3.5	0.101	0.3633333333333333	17.960202617310568	electromagnetic flowmeter	Sho et al 2004
57.0	common carotid	Oryctolagus cuniculus	3.5	0.104	0.3333333333333333	15.09207091980497	electromagnetic flowmeter	Sho et al 2002
58.0	common carotid	Oryctolagus cuniculus	3.5	0.09	0.3233333333333333	22.58879484943956	Doppler ultrasound	Nanjo et al 2006
59.0	common carotid	Rattus norvegicus	0.39	0.049	0.045	19.480243610428413	ultrasound	Miyashiro et al 1997
60.0	common carotid	Mus musculus	0.023	0.0295999999999999	0.0175	34.36631966650753	high resolution ultrasound	Korshunov et al 2017
61.0	common carotid	Mus musculus	0.0193	0.0255	0.0203333333333333	62.453696575300015	Transonics flow transit time 	Tao et al 2013
62.0	common carotid	Rattus norvegicus	0.34	0.05	0.1966666666666666	80.12920868199956	ultrasound 	Kenwright et al 2015
63.0	common carotid	Mus musculus	0.0193	0.0235	0.02	78.48678121711993	ultrasound 	Kenwright et al 2015
64.0	middle cerebral	Homo sapiens	58.0	0.1725	2.526666666666667	25.06979384398081	MRI	Zhao et al 2015
65.0	middle cerebral	Homo sapiens	58.0	0.1295	2.0	46.90193930995911	MRI CT 	Fahrig et al 1999
66.0	middle cerebral	Homo sapiens	58.0	0.1399999999999999	2.09	38.79111732502173	PC-MRI	Chnafa et al 2017
67.0	middle cerebral	Homo sapiens	58.0	0.13	1.95	45.20377081899986	3D PCMRI 	Bouillot et al 2018
68.0	middle cerebral	Homo sapiens	58.0	0.2111004122822376	1.9583333333333333	10.602041056665218	PC-MRI	Enzmann et al 1994
69.0	posterior cerebral	Homo sapiens	58.0	0.091	0.8	54.06745407071824	MRI CT 	Fahrig et al 1999
70.0	posterior cerebral	Homo sapiens	58.0	0.1399999999999999	1.1091666666666669	20.58651401898084	MRI	Zhao et al 2015
71.0	posterior cerebral	Homo sapiens	58.0	0.1692568750643268	0.8666666666666667	9.102972863909812	PC-MRI	Enzmann et al 1994
72.0	vertebral	Homo sapiens	58.0	0.1355	1.3	26.61310678887843	MRI CT 	Fahrig et al 1999
73.0	vertebral	Homo sapiens	58.0	0.2125	1.5683333333333331	8.323992492530612	MRI	Zhao et al 2015
74.0	vertebral	Homo sapiens	58.0	0.1699999999999999	1.3333333333333333	13.82171973387788	color duplex Doppler sonography	Scheel et al 2000
75.0	vertebral	Homo sapiens	58.0	0.16	1.5833333333333333	19.68713488766934	high resolution ultrasound	Sato and Sadamoto 2010
76.0	cranial mesenteric	Canis familiaris	24.0	0.24	5.8116666666666665	21.411006425981448	Doppler ultrasound	Riesen et al 2002
77.0	celiac	Canis familiaris	24.0	0.2	5.733333333333333	36.49953361574133	Doppler ultrasound	Riesen et al 2002
78.0	iliac	Macaca fascicularis	5.8	0.13	0.7333333333333333	16.999708684068324	electromagnetic flow cuff	Zarins et al 1987
79.0	mesenteric	Felis catus	2.9	0.00145	3.989539926720215e-06	59.8168275862069	microscopic	Lipowsky et al 1978
80.0	interdigital	Bos taurus	652.0	0.27	2.566666666666667	6.641226435306781	pulse-wave Doppler	Müller et al 2017
81.0	external carotid	Homo sapiens	58.0	0.2075	2.716666666666667	15.48646020362736	color duplex Doppler sonography	Scheel et al 2000
82.0	lateral digital	Equus caballus	457.0	0.18	4.883333333333334	42.64508305983113	Doppler ultrasound	Menzies-Gow and Marr 2007
83.0	retinal vessel 1	Homo sapiens	58.0	0.0025	1.6294309351744596e-05	53.11119109322033	Doppler ultrasound	Riva et al 1985
84.0	retinal vessel 2	Homo sapiens	58.0	0.005	0.0001103770404941	44.971652092174764	Doppler ultrasound	Riva et al 1985
85.0	small cremaster	Rattus norvegicus	0.12	0.00036945	1.5812893060597537e-07	159.70349893498215	microscopy	Mayrovitz and Roy 1983
86.0	small cremaster	Rattus norvegicus	0.12	0.001005	3.208024854954094e-06	160.95691856583863	microscopy	Mayrovitz and Roy 1983
87.0	small cremaster	Rattus norvegicus	0.12	0.00273	6.508248320256672e-05	162.9094523779197	microscopy	Mayrovitz and Roy 1983
88.0	superficial femoral	Rattus norvegicus	0.34	0.01985	0.0094666666666666	61.643269041672	ultrasound	Machin et al 2016
89.0	supraceliac aorta	Homo sapiens	58.0	1.115	38.333333333333336	1.4083872780681757	PC-MRI	Cheng et al 2003
90.0	uterine	Equus caballus	477.0	0.186	0.4758333333333333	3.766050501848981	Color Doppler ultrasound	Bailey et al 2012
91.0	uterine (gravid side)	Bos taurus	508.0	0.62	75.91666666666667	16.223037512080456	Doppler ultrasound	Magata et al 2013
92.0	uterine (opposite)	Bos taurus	508.0	0.335	14.966666666666669	20.274995903479724	Doppler ultrasound	Magata et al 2013
